category_id;price
489756;32.1177525403
361254;30.7113695887
361254;31.5726068851
489756;34.5438399347
489756;47.205824497
361254;32.0707335566
874521;66.3239347293
874521;34.5978993056
874521;31.9433347652
361254;41.5241350735
361254;37.0716105129
361254;32.9077140808
361254;201436.8876365541
874521;34.9166666667
489756;35.5818203788
489756;38.6598459316
326584;30.0
489756;32.8982788516
489756;34.5820745217
326584;31.9041450777
489756;33.2058184533
489756;30.2100835731
874521;34.6933695094
326584;30.7950310559
361254;34.9812952811
489756;32.80553552
489756;35.4090070415
489756;31.0946088009
874521;35.8660693578
489756;42.0546873576
489756;32.9288678955
361254;30.0
874521;32.7939585807
675201;32.8452077259
201436;30.0
874521;47.0809300726
489756;35.0715636138
361254;35.1536043631
489756;99.1699724641
489756;46.0456081753
489756;30.0
489756;35.7698370052
489756;34.9522970824
361254;35.6529444399
874521;30.9553784861
361254;34.8153138807
489756;38.762588513
201436;32.6534635225
874521;35.892906082
489756;35.000345638
874521;35.003414264
489756;31.7733969127
361254;34.7078614581
874521;30.0
489756;30.7814327926
489756;33.5097192225
489756;45.2497747932
874521;37.6177362006
489756;102.230092941
489756;35.9283148133
489756;30.0077187542
489756;36.5253323831
489756;30.8627618235
361254;30.9260844911
326584;31.5259259259
489756;65.346760727
489756;30.0
874521;62.5636363636
361254;35.0024631137
489756;36.687620421
489756;55.0009296791
489756;33.6706428098
489756;31.5115767838
489756;31.723677799
361254;32.4425698813
489756;46.236436718
361254;33.3351655718
489756;30.7110015175
489756;34.7429718876
489756;38.7972299684
874521;31.5551196548
489756;33.6469464329
361254;30.0
489756;34.8625523742
874521;30.2662632375
675201;31.4320383146
489756;30.0
489756;35.635784234
489756;37.6748071722
489756;74.3828514183
489756;61.7738729418
489756;35.0512469438
489756;33.037358813
361254;96.4961941009
675201;53.4766096039
874521;30.0
874521;31.2404647638
489756;31.6467506725
489756;43.1941200634
489756;47.9992688367
489756;441.638389485
489756;34.5329227159
489756;30.0
489756;55.9302570937
489756;34.4391650331
326584;34.7713266034
874521;32.7653301887
874521;31.5253198981
874521;30.0
489756;33.9531052985
361254;55.6868864778
489756;75.7075904381
675201;37.2446914565
874521;35.0293655389
361254;34.4576062179
489756;34.7314739239
489756;69.588821716
361254;88.2092596837
361254;30.9951899692
489756;44.60422928
489756;34.8919456414
874521;37.4254400741
361254;38.1205613273
489756;30.0
489756;33.8071432742
874521;109.538933031
361254;35.0396074969
489756;34.5792663161
489756;43.5011090991
326584;33.0272202889
361254;34.9979084397
361254;30.9965198439
489756;56.4368863879
675201;30.0
874521;35.0997439608
361254;33.1293103448
874521;31.5341614907
489756;33.7661620186
489756;54.8547602012
361254;35.0
675201;59.8864625003
874521;34.0731197109
489756;65.257928151
489756;93.4735921697
361254;30.9027431421
675201;32.4549206863
361254;30.0
489756;48.4966654715
489756;56.5961964012
874521;30.0
489756;34.502576558
874521;30.7537879971
361254;31.4055479586
874521;34.9987375508
489756;41.0006968437
361254;34.2963729899
489756;105.157120506
489756;30.0
489756;47.6066316106
874521;69.4530319929
489756;33.8487669015
489756;30.0
361254;30.0
361254;35.1823722771
874521;37.1298351359
874521;33.4733474371
489756;30.0
874521;41.9408082952
361254;30.1084185495
874521;56.9141518233
874521;30.0
361254;30.9739834741
361254;50.6449094438
874521;34.1959221543
874521;32.9268292683
874521;34.8481329184
489756;31.3523657143
489756;31.2027025024
675201;32.3923815423
326584;30.0
201436;31.2859780305
874521;34.9897119342
489756;30.0
489756;37.7884809048
874521;30.9154929577
489756;59.5362211083
489756;33.174606317
489756;34.4401870649
489756;40.1075077461
874521;35.0
874521;30.0
489756;38.9769147544
489756;40.3643616152
489756;30.0
326584;30.0
489756;31.005501883
874521;58.5700521879
874521;66.4705050269
489756;30.0
675201;31.5476150543
489756;33.7412191043
874521;46.2746666667
489756;90.7526553358
874521;31.5942857143
201436;30.0
489756;30.1961229947
874521;34.8954443615
361254;33.3079963217
874521;91.7625827815
874521;32.8283219967
489756;37.1265731751
489756;30.0
489756;35.0
489756;32.1982905983
489756;32.6137156068
361254;35.0274169567
489756;35.1271978817
489756;33.7517702902
326584;30.0
489756;38.0542916573
489756;32.6155036793
326584;30.0
361254;35.0
489756;44.7744625967
361254;34.9054477145
489756;37.7449939857
489756;95.8572963662
489756;165.245981234
489756;35.0166435087
489756;30.9170937943
361254;30.5192320345
489756;32.3674651346
489756;54.9342942902
361254;30.0
489756;201436.9579956016
489756;38.499049319
489756;46.7893313723
489756;40.8602653477
489756;40.912718012
874521;30.0
874521;34.4116724192
361254;35.3837042766
874521;37.5474294414
874521;47.5290480495
361254;33.5735294118
489756;35.2043182445
361254;32.9910179641
201436;30.0
489756;34.5358333333
489756;30.5843375512
874521;35.3212984676
489756;35.882045929
489756;34.6166750374
489756;67.892206775
489756;30.0
361254;30.0
489756;149.943063573
361254;35.2968898547
489756;31.3244939812
489756;35.327417634
489756;50.3734629257
361254;30.8202954534
201436;35.0
489756;108.505761718
326584;30.0
489756;34.6355661882
489756;30.0
361254;35.8229333944
489756;31.4417822173
874521;45.7427820499
489756;36.9935320228
201436;33.5346779682
489756;43.4773677737
874521;38.2001623398
489756;32.3138558252
361254;37.4705961254
489756;33.6170076726
489756;34.9834425622
361254;91.8193883439
489756;77.6272067009
489756;36.1148838266
874521;30.8975893736
489756;54.5520412257
489756;34.330593913
326584;30.0
874521;33.8288788048
489756;43.1943038047
361254;36.0967445359
675201;32.8832089377
361254;201436.4276308231
489756;68.7180650473
361254;33.8440076815
489756;34.1463603585
489756;34.5983591719
874521;71.0068890104
361254;32.3937973981
489756;31.301430005
489756;35.3697405712
489756;40.4880505986
874521;32.483930949
489756;30.0
489756;46.3095177794
489756;30.0
489756;30.5045708069
361254;32.0404345202
489756;30.0
489756;50.6792585362
874521;33.6187845304
489756;66.7099089916
874521;30.6374671804
489756;34.5706911385
874521;30.7848623053
489756;92.135944598
489756;35.6003232272
874521;200.0
361254;34.9670245142
489756;336.805611618
489756;30.0
675201;36.6849985188
361254;30.999253174
489756;35.1187899768
874521;30.0
489756;35.9811161005
361254;30.8787646722
489756;32.1099139979
361254;33.1213442089
489756;30.2331232381
489756;37.8742349749
361254;35.0
489756;152.643795674
489756;35.2237009713
489756;31.5450718456
489756;81.516745064
361254;33.0998258073
489756;30.0205632807
361254;32.9982698962
874521;35.0
489756;30.0
361254;34.9679338843
489756;58.199132649
489756;34.6366624541
489756;37.6577542519
489756;35.6760178847
675201;33.0345679012
489756;40.7320913462
489756;30.0
489756;70.1203240758
489756;305.952525187
489756;40.3007966926
874521;30.0
201436;42.3480807369
361254;43.9550614102
874521;35.0664375716
874521;54.114938617
489756;32.0126039501
874521;35.2864390511
326584;30.0
489756;48.4195472977
489756;60.1762103071
361254;30.7014720559
874521;30.0
326584;30.0
489756;32.4522182127
361254;38.1839331487
361254;34.7358266441
489756;34.6726190476
874521;82.9127950543
489756;31.0663777407
361254;34.5774831932
489756;86.6958555561
361254;31.8799751244
489756;31.2754846439
489756;51.6608551905
675201;33.1732590756
361254;35.7713749868
489756;33.3807015419
361254;67.1369098945
874521;30.0
489756;42.3533935592
326584;30.0
489756;33.5564889746
361254;34.0039994854
874521;30.0
489756;32.8425659314
326584;30.6038433112
361254;30.7781999836
201436;30.9536932215
361254;35.1704676879
489756;34.3290708967
489756;37.8166401027
361254;111.518449598
489756;89.2326471996
874521;33.8550552923
361254;34.4338857539
361254;51.4713226759
489756;30.0
874521;45.6942987392
361254;30.7945121878
874521;30.0
489756;42.0132792087
675201;35.0
874521;33.4107982837
361254;33.2028528923
361254;30.0
489756;64.1868714801
489756;52.9601772448
489756;30.0880395946
489756;42.1214132687
489756;38.1121594366
361254;33.5652395815
489756;34.8911593538
201436;45.6406651596
489756;32.0376702173
361254;30.0
489756;33.4731514628
874521;30.5135527494
489756;30.0
489756;30.0
489756;38.0580860521
361254;32.0091709847
489756;33.2248936185
874521;34.9281030222
361254;34.6659148576
874521;30.0
489756;30.5447848061
361254;31.098758644
489756;137.869650151
874521;31.4610015175
489756;46.2614176656
326584;34.514340311
489756;34.3206891051
489756;107.472751191
326584;30.0
489756;36.0785461806
489756;67.8640557286
489756;41.7779189601
489756;37.7048364529
361254;30.0
361254;35.3283477047
489756;34.069545366
874521;36.5614493836
489756;90.009734129
489756;30.0
361254;32.9015671773
874521;30.9266441821
361254;34.7223064597
489756;38.5298812094
489756;53.1408132135
874521;30.0
489756;30.0022150925
361254;34.1987456747
489756;30.0025644874
489756;30.0
361254;30.0
874521;30.0
489756;42.9837986134
874521;31.6401504194
326584;47.9937950241
489756;35.0455621769
361254;34.67210201
489756;38.7931048306
489756;201436.9167825178
489756;34.2302052786
874521;32.3650534938
489756;30.0
489756;30.0787009632
489756;31.2597254005
489756;32.1936440678
361254;30.0
489756;30.0
489756;75.3612583937
489756;34.6230824692
489756;34.4003187145
874521;35.8534842342
874521;33.7594959758
361254;33.1652856692
489756;34.7694008085
489756;36.1079981647
489756;30.0
361254;34.9605477353
874521;35.3131297742
489756;35.245528086
874521;30.0
874521;31.3595338395
489756;66.7262269151
361254;35.0620687059
489756;34.8905263158
874521;32.9632096416
874521;33.2040609137
361254;33.5667770865
361254;201436.9845855886
489756;76.401686699
361254;35.1613544664
489756;41.1459807336
489756;42.798534035
489756;38.5277738766
361254;35.0
361254;30.0
489756;69.1273455955
874521;30.0
489756;30.0
874521;34.6052631579
361254;30.0
489756;33.4204988622
489756;32.2611370066
326584;34.9176225235
489756;37.1651735962
489756;35.0052587641
489756;31.5955576199
489756;112.363889394
489756;32.0418391445
326584;33.88324428
489756;30.0
361254;35.8731330093
489756;37.7695721957
874521;187.44513509
489756;35.8342330625
489756;30.2368421053
489756;48.2606084858
489756;31.2916501781
489756;60.4646770322
874521;36.5747800587
326584;31.535978836
489756;33.992384093
489756;48.3106889891
489756;34.4558161573
489756;36.4105840132
489756;129.04217729
489756;52.4253026045
874521;32.2867900413
874521;34.4462203557
201436;30.0
489756;34.9898725907
489756;52.0880465423
489756;34.2934799882
326584;30.0
489756;46.194677739
489756;33.0962028759
361254;34.8441970074
874521;30.0
874521;205.052944354
489756;34.7565154507
489756;32.6303927017
874521;32.4099308099
361254;34.9962880475
874521;182.578292244
361254;30.3634220998
489756;35.4659765634
489756;32.8112449799
489756;41.9382724827
489756;37.0243809107
489756;30.6970397396
326584;30.0
489756;201436.0552482275
489756;34.3357349773
675201;36.8277509979
874521;34.0514687422
361254;33.4770050477
361254;35.0
489756;36.6267016957
361254;30.0
361254;35.3673267327
489756;31.0923566879
489756;38.7418104674
489756;65.8097649485
361254;31.8897560976
874521;46.0022178735
874521;30.0
489756;33.5582459591
874521;32.1284572833
361254;30.9839722185
326584;31.6638035459
361254;34.7608214275
489756;32.9619227441
489756;201436.2038323704
489756;34.8204153201
874521;33.1370681143
361254;40.5959235291
489756;30.8884780586
489756;30.0308012349
874521;34.7417840376
489756;30.0
361254;34.5627178043
326584;30.7942857143
874521;128.327537181
874521;35.0
489756;34.3920103463
874521;51.9824105773
675201;30.970187691
361254;34.9087834477
361254;30.0
489756;31.0256290918
489756;36.3108796444
361254;30.0
489756;30.8839119222
489756;36.469010981
874521;35.0063887021
326584;30.0
874521;45.3379254457
361254;35.2941878881
874521;34.6514086631
874521;35.0
361254;34.6089310604
489756;82.9311187757
361254;52.4737861936
489756;34.925130816
489756;34.289000756
489756;69.0103136593
326584;32.7684301821
489756;68.223900888
675201;52.1274427599
326584;32.6215530903
489756;59.0359077091
489756;40.344921819
361254;35.9890625662
489756;54.7031824499
361254;30.0
361254;37.9164246381
675201;34.8375678051
489756;42.7694274069
489756;53.5199019852
874521;38.1081111383
489756;30.0
874521;35.9131403118
874521;35.0
361254;31.2088099188
489756;97.9303182523
361254;36.2072368421
489756;65.16573864
489756;123.24560724
489756;49.4618448876
361254;36.7861120467
489756;109.89396643
489756;41.778167946
874521;69.75157147
361254;31.1290614626
361254;30.0
489756;31.7548027431
489756;35.0
874521;32.9433480859
675201;50.8644005194
361254;36.0880999343
326584;30.0
489756;33.818904179
874521;30.0
361254;35.1333268162
874521;64.9607044945
361254;33.5657850266
489756;108.935280171
874521;30.0000394594
489756;32.1500487171
874521;34.2192675379
489756;45.7985822811
489756;35.8117445039
489756;32.0301519856
874521;30.0
489756;30.0193631804
874521;30.0005063718
489756;76.7540722296
361254;30.0
489756;30.0
874521;35.0
361254;35.2750450494
361254;54.6784575679
874521;32.977887345
675201;35.0
874521;34.8959107807
489756;59.7789049189
489756;30.0854630963
489756;49.9513459053
874521;35.0
675201;61.0535266777
489756;47.4795490835
489756;37.4124524806
326584;35.0
489756;33.668044231
874521;31.4200199534
489756;30.1147484116
874521;34.4149975474
489756;49.4189975553
489756;33.9996124031
489756;38.8010324408
675201;40.0560024728
489756;32.3653945778
874521;135.159931347
874521;30.0
489756;30.3236984381
489756;33.9347830886
489756;33.9780296997
874521;35.2841147656
326584;35.0
361254;34.5949568089
361254;201436.2917559776
361254;35.0957327965
201436;36.0234975249
361254;30.0
874521;30.0
489756;30.9027941156
361254;37.3982245743
489756;277.298530177
489756;55.9152127553
326584;30.0
361254;35.7111894636
489756;49.4746487506
489756;37.6311875152
361254;33.6041300761
326584;30.0
874521;31.9719387755
326584;35.0
489756;33.6797358646
361254;41.4295184529
489756;30.3212108816
489756;32.9623992838
361254;91.136541471
874521;38.2605447471
874521;34.4759615385
361254;30.0
489756;30.0890595392
361254;31.2200216186
489756;62.85102029
489756;36.2663325056
874521;201436.4746595644
489756;77.6984527239
361254;34.8749707328
874521;31.7122855582
489756;31.6964234621
874521;45.7632753019
874521;30.0
675201;30.0
874521;201436.4656820156
489756;30.0
675201;32.7261526232
489756;34.2142555629
489756;35.7818736419
361254;36.7849716823
874521;117.103531709
489756;30.5897547076
489756;31.0984517805
874521;37.749500746
874521;201436.605247676
361254;30.9338483375
874521;35.4392752956
361254;34.987405527
874521;37.048865312
361254;35.126735593
489756;34.9550389048
489756;70.9434273402
874521;35.0636244849
874521;36.2984615986
361254;34.8272628432
361254;34.9991818123
489756;600.144390492
361254;33.9561724874
489756;41.182760037
489756;30.0
489756;37.4231221658
874521;34.0681664792
361254;34.0062611101
361254;32.4983637614
489756;32.4352864094
361254;30.0
361254;30.9372164651
489756;47.4463186967
489756;88.318359375
361254;34.2260502334
489756;35.5654538861
874521;40.7396313364
201436;33.3283009744
874521;35.5465869457
361254;35.0674660503
874521;30.1249477394
489756;43.8921172181
489756;42.7130081191
361254;34.0169491525
489756;33.8202477925
361254;34.9003694738
326584;201436.6348267718
489756;34.8239034473
489756;42.1373380836
874521;30.0
489756;42.8426149132
361254;30.9692175356
874521;34.2909567497
361254;35.4547620398
489756;34.1247091842
489756;201436.908687029
489756;33.3594449991
489756;33.3902566409
489756;34.6279012924
361254;31.4163855967
874521;72.7543078281
874521;30.1172967374
489756;41.0371160587
489756;38.4427517294
874521;36.9995001607
361254;34.3218249075
675201;30.0
489756;36.8660043698
361254;30.5676894733
675201;36.6472256294
489756;48.6678833285
489756;36.9540807894
874521;44.4408917641
361254;38.8033422789
489756;66.110765414
874521;54.6802164879
361254;30.0
489756;35.7757853654
489756;201436.6710948678
489756;30.0
326584;35.0
489756;36.8286649691
489756;33.230051543
874521;31.4745762712
489756;40.379213087
874521;32.695709571
489756;33.0364967038
874521;33.6878881988
361254;30.0
489756;44.8781141299
874521;32.4915015698
874521;162.482762419
361254;30.2557603687
489756;42.2993021288
361254;35.2041747356
489756;64.6382760409
675201;35.0845875516
201436;46.371129266
874521;34.7702332308
489756;38.4792480499
326584;73.3266577484
201436;43.3221293706
361254;34.9857175667
326584;30.0
361254;34.8926150339
489756;30.0
489756;42.7600198077
874521;33.9886554622
675201;30.0
489756;40.16705702
361254;34.9166713913
874521;32.4318489474
874521;30.616631821
326584;43.0906120543
489756;33.475787728
874521;31.118510158
489756;65.3665402567
489756;35.5225800305
489756;55.3048065651
874521;32.5520584346
489756;30.8781329398
489756;42.1197776926
489756;35.7106178073
874521;68.3262774234
874521;30.0
361254;30.9872728761
874521;33.951048951
874521;32.0078774406
489756;64.0452871001
489756;251.103298975
489756;67.7349986623
489756;30.0
489756;33.6887682449
874521;34.743832021
489756;30.9904072295
874521;35.9704787127
489756;32.1845344738
361254;34.7293729373
489756;44.1721104456
874521;30.0
675201;47.3105821687
489756;30.0
874521;35.4819218715
361254;32.9311580044
489756;52.0832068214
489756;38.9159541232
489756;32.9616588419
874521;33.0093435757
489756;47.2637452516
489756;41.2573600991
874521;31.6751236326
361254;34.9010403677
489756;55.3725085911
874521;34.1720541893
874521;34.4975490196
326584;46.2259205014
489756;40.9563875802
489756;35.2830150901
489756;54.8355145474
489756;33.6143025258
874521;32.7390852391
326584;33.4090909091
361254;32.6357844642
361254;32.0183483371
489756;35.9064263018
361254;34.6762864241
201436;32.4395675178
489756;34.3756537131
489756;55.9176209846
874521;66.7519376871
675201;68.5501185735
326584;35.0
874521;33.6558398007
874521;35.2875151987
489756;30.0
361254;36.1067908289
874521;30.0
874521;32.2211836536
489756;35.980743496
361254;30.0116752968
489756;37.0606382979
489756;31.8260205856
489756;76.0919522484
361254;35.4443287688
874521;126.782828283
201436;34.3456656681
201436;46.1542465475
489756;52.8276948925
489756;63.9202779207
361254;34.0561275875
489756;47.2346077492
489756;32.7016008809
361254;50.0147719485
874521;38.2856638271
874521;30.7142857143
326584;30.9615384615
489756;31.8073212011
489756;44.7746612548
874521;37.757084969
361254;30.6640656356
489756;41.9912815098
361254;34.6186116157
361254;35.0811582558
489756;30.0
874521;34.6642843346
675201;201436.7550066918
874521;30.1538461538
489756;43.1037325165
489756;49.459835741
489756;32.5581752947
489756;31.2433942483
489756;34.8888406957
489756;31.9962520795
489756;30.9027207392
489756;49.0748175476
489756;88.1977191732
489756;38.7638297226
489756;36.7288914417
361254;30.1377410468
489756;32.8276635061
489756;40.8745400955
675201;32.751891192
874521;30.0
489756;38.7314238721
675201;37.6674812425
489756;44.6725863129
489756;30.1727414551
489756;32.0416068867
489756;48.2218949816
675201;31.0083102493
489756;42.2660352105
361254;35.0497436341
201436;35.9199465447
874521;33.9997411506
489756;46.2643594346
874521;10.0741122833
489756;44.7717334154
361254;33.0
489756;34.7233172183
489756;49.2462036409
489756;67.963191805
201436;36.0010948106
874521;38.8180031338
874521;107.731034483
489756;30.000232605
489756;64.9254489729
489756;32.5711619874
326584;32.3231973965
874521;31.0940870297
361254;35.6800870784
361254;35.0
874521;31.281856197
489756;38.0194463543
489756;58.0766033946
874521;34.6089103479
326584;41.7843871577
874521;35.0115606936
326584;30.0
874521;34.2057761733
489756;35.3948841924
489756;33.4921069672
489756;191.366038621
489756;40.0542839877
675201;30.0
874521;37.3972066032
874521;38.3581560284
489756;35.0
874521;30.0
489756;33.7178415369
489756;35.8617300476
361254;34.8303127412
326584;30.0
489756;38.6419996416
874521;30.0707269155
361254;33.5757901261
489756;146.984372086
361254;30.0
489756;53.2155620533
489756;35.0509959282
489756;32.130540503
489756;30.0
361254;34.6539094567
489756;33.8027407987
489756;36.6321836712
874521;35.6120661293
361254;34.4591653096
489756;35.1237566052
489756;34.6921296296
489756;56.1828583305
489756;43.6207570102
489756;34.796085323
361254;30.0
874521;32.8963194011
489756;30.626911315
361254;33.7543608292
489756;32.4480915631
874521;49.6074718478
489756;56.341050316
361254;35.1433859198
361254;35.0341119763
489756;30.7185991381
489756;43.1068392868
489756;68.5474361226
489756;50.6377062171
361254;32.7581014106
874521;41.85955362
361254;30.1925394731
489756;38.6343152388
361254;34.7795569789
874521;32.3977846193
874521;35.9933774834
489756;74.1062332767
489756;31.4737451462
361254;35.0262799299
361254;34.4592243495
361254;33.5305651023
489756;31.390411503
874521;31.6889589905
361254;35.0
489756;31.8886876961
489756;32.0854576174
361254;40.0872623786
874521;34.9994264411
675201;30.0
874521;30.0
489756;67.8226120567
361254;41.7213868003
361254;34.5289124668
489756;49.9963094528
489756;77.0140170927
874521;31.2877170279
489756;37.8186000361
874521;32.466514926
874521;33.5471607315
326584;30.0
675201;32.9359015055
874521;41.7578313652
201436;31.6365630919
874521;201436.7421365065
489756;32.6873719778
361254;35.7502850244
874521;34.990844354
361254;32.8740617577
874521;35.0566600398
675201;34.7756478775
361254;33.8662835398
489756;33.8148434148
489756;50.8616867273
489756;35.4157727511
874521;30.9999699561
874521;35.0
361254;30.0
326584;32.4602642199
489756;46.8276661624
361254;33.478953063
489756;35.50070014
489756;38.0898583347
489756;34.9395574905
874521;30.4378036929
489756;35.776803105
874521;34.2014021236
361254;36.0748517488
489756;31.1751204307
489756;38.336389807
489756;32.0359746434
489756;125.98367755
675201;37.2213190143
874521;30.3897338403
489756;201436.4054453161
489756;34.7859375
489756;36.8294342127
361254;35.0015520411
361254;30.5398793468
489756;100.483874465
874521;42.9214587859
361254;34.8771676301
489756;30.0
489756;30.0
326584;34.083694934
361254;33.8611650485
489756;33.942687747
874521;49.7715293858
489756;30.0
489756;34.7252747253
489756;42.7580961789
489756;33.5738230257
489756;30.0
489756;24.4408563322
489756;34.7840272438
489756;40.1413643265
489756;10.0
489756;30.0
489756;34.0884209592
361254;66.9401270033
489756;201436.6085904911
201436;32.3269478869
489756;35.1409176689
489756;34.7443890274
489756;128.291892083
489756;34.7918465228
874521;202.104685212
675201;34.0269241229
326584;34.9278402111
489756;10.0
201436;32.8978889329
489756;35.2645401064
489756;30.0
489756;112.063348562
489756;44.8885666205
326584;30.0
489756;35.0
489756;30.0
361254;30.9886428166
874521;32.1162467805
874521;32.5105633803
361254;34.7012774655
489756;31.5244928987
489756;32.4920389093
489756;80.8721108048
361254;61.3099976778
361254;30.766195116
874521;37.7320134728
489756;55.3635875814
874521;35.0804851158
361254;35.3205382146
874521;34.6702779086
489756;30.0
874521;30.0000886379
361254;30.9553072626
489756;37.4340958759
489756;35.3701651219
361254;32.1127713314
326584;30.0
489756;42.1858745498
489756;34.5597472996
874521;35.5172413793
201436;34.9942769935
489756;44.9306878046
874521;30.0
489756;33.8830862534
489756;68.7415437082
489756;49.7149711803
201436;32.6193993742
326584;74.4561182419
489756;126.796284277
874521;30.0
489756;34.3993233777
489756;146.63764634
489756;43.5306635725
201436;31.4878183832
489756;38.7415344504
489756;31.7501059771
874521;42.3372125076
489756;40.0744716538
489756;53.554270771
489756;40.9339036509
874521;30.0
874521;35.1302211885
201436;30.3113884555
326584;32.7123287671
489756;43.9195199057
361254;30.0
489756;31.0411007257
675201;36.3220605634
489756;65.2376146423
489756;33.6767791844
489756;145.789639229
489756;143.971050441
201436;34.99986905
874521;198.0
361254;34.9919206835
489756;38.6438657735
489756;33.7923315452
489756;44.2327341533
489756;35.3363667004
489756;36.8000316689
489756;33.2046197054
489756;201436.6563116145
874521;30.9339569691
489756;35.7944501495
874521;33.7415254237
874521;34.9822221417
489756;50.9325372679
489756;65.5559892357
489756;45.6344658488
874521;33.5355511878
361254;33.9965123436
489756;40.0356242596
489756;33.7804921861
489756;34.5293751546
489756;33.5565916352
489756;30.7877764128
874521;34.3444063183
326584;30.0
874521;33.6091465171
874521;40.1717398812
489756;44.9575099731
489756;35.078600512
201436;34.9777085786
361254;44.4793772142
489756;35.6798230506
874521;70.4209053917
361254;30.9204452645
489756;32.7385160011
361254;35.6944099531
326584;72.8751007643
489756;32.6063873137
489756;32.5491590637
675201;47.5756579595
874521;35.3125
326584;35.0
489756;34.4540749027
874521;30.9171646643
489756;38.3086559644
489756;75.0705151626
489756;30.0
489756;30.0
489756;35.785404865
361254;65.6919003795
489756;30.0
489756;201436.8273155765
874521;30.0322394934
489756;45.7767990838
874521;42.1523862827
361254;32.8216783217
489756;185.260871861
361254;34.4565006244
361254;34.9374879785
326584;32.0938053097
489756;34.0831008195
874521;41.9473665514
361254;34.1613212719
874521;30.380283464
874521;57.7150164752
489756;38.2183224271
201436;35.807875895
201436;70.7506340802
489756;30.8199404507
489756;34.7987971929
489756;46.2831668566
489756;42.1116758436
489756;34.0745833772
874521;30.0150896722
489756;44.9923390983
489756;43.1690443789
675201;34.4104310308
874521;54.7635332894
489756;55.9705084525
361254;30.965716636
489756;30.0
874521;172.780874412
326584;30.0
489756;34.9419692999
489756;35.0828227765
489756;43.8708652654
489756;77.8440182852
361254;34.6363711089
489756;30.0
361254;42.120632208
489756;30.9739098579
489756;72.4528517143
489756;41.716255144
874521;30.7029535865
675201;82.0147266808
489756;37.6538050405
489756;30.0
361254;31.2421482412
489756;30.0
489756;54.7820783711
874521;31.2595178821
874521;31.2273476112
874521;201436.6449781155
326584;30.3086680761
489756;36.5085286329
874521;30.0
874521;58.8250200665
489756;30.0
489756;33.0289414194
489756;46.9566976964
874521;96.1592104449
489756;122.403741292
361254;35.0
361254;34.6404842037
489756;35.7887492651
489756;30.3512683142
489756;33.6191972744
361254;32.7462787551
361254;30.7974831251
874521;40.0537169186
489756;34.6340553785
489756;31.8537533357
489756;37.6077325521
489756;201436.279835106
361254;31.3898943509
489756;41.1236170941
489756;34.9011580195
675201;54.6983386245
874521;35.0
489756;34.0083337395
489756;34.0530184198
489756;31.3287462288
489756;30.0
489756;30.0
489756;30.0
489756;30.0
489756;34.2509676651
201436;30.0
489756;48.6725172641
489756;62.6444927377
874521;32.338392222
874521;51.0589353498
201436;30.1307682275
489756;34.5978874333
489756;30.0
489756;35.6416068909
874521;33.2726023052
489756;30.0
874521;35.8672086721
489756;49.4169084958
361254;30.9997319514
489756;30.2624215481
489756;35.3971904093
489756;48.4044106847
361254;35.0589370286
675201;35.7374647887
874521;35.1256569848
326584;31.5477295326
874521;56.3836387064
361254;35.2839240109
489756;32.8630987681
874521;30.0
489756;75.7594338337
874521;32.819201995
874521;30.0
489756;30.7995645533
489756;37.3938034088
675201;34.3362250558
489756;35.9534248765
489756;41.8377436132
361254;34.4543634039
489756;30.5179011112
489756;30.0
201436;35.0025036461
489756;40.0999306706
874521;30.0
361254;34.8530440868
489756;34.3645034733
489756;34.8590540056
489756;34.8603170929
489756;79.2432043368
361254;30.4046005901
361254;34.7429348887
874521;32.1694341181
489756;30.0268507863
361254;35.0
201436;36.4189929329
201436;74.298850806
489756;30.1160219391
874521;59.486980453
361254;34.9086662186
489756;41.8325818537
489756;35.4010223453
489756;109.531518154
361254;34.8676985443
489756;62.2541153034
489756;36.4130629139
489756;34.0086879038
489756;34.5424836601
489756;30.0
489756;30.0
201436;35.4991969162
489756;53.8342669447
489756;30.0
874521;53.7148793783
874521;201436.5656126708
489756;30.0
489756;93.6418690944
874521;154.917110053
675201;92.8925668862
489756;30.0
874521;10.0
874521;30.0
489756;34.5513102232
874521;35.0505319149
874521;10.8461430463
489756;32.4740423172
489756;54.9007160352
874521;32.5
489756;36.5913267113
489756;49.6800423274
361254;35.0
489756;36.4487535939
489756;50.3026928425
326584;30.0
874521;33.4209558319
361254;30.0
326584;35.0
489756;33.5847314235
361254;37.9847941166
326584;35.0
489756;35.2051887949
489756;30.0
874521;30.1231884058
489756;47.9131961867
874521;40.4716071529
489756;31.8906649053
874521;36.6527433303
361254;31.4686071925
361254;30.0
361254;35.8249758047
874521;82.7882703777
361254;41.2999054193
489756;35.0
874521;35.1875
874521;43.2162189442
675201;35.0
361254;35.8859209507
361254;30.6738453743
361254;89.5036987223
361254;32.4288636073
874521;34.5286620807
874521;45.615964802
361254;32.2479834314
489756;334.088756455
361254;35.7651888342
361254;32.5277612693
489756;36.3401272512
361254;34.9592699155
489756;35.6065897038
489756;31.2349783219
489756;34.0347041331
489756;35.0414794272
489756;34.7757620647
489756;30.0
489756;35.6517587627
489756;47.4589751504
489756;45.3305959017
489756;34.4244752018
489756;283.801257862
489756;35.0600418765
361254;35.3033394862
489756;79.3004382514
489756;139.62936011
874521;30.0
326584;30.0
489756;53.2216817928
874521;61.3680907271
489756;30.1139066264
675201;30.3321280842
361254;31.5869088066
489756;50.9613994519
489756;43.0093506035
361254;30.0
874521;201436.8406298003
489756;31.8643710471
489756;51.8941358195
361254;34.7982914923
874521;37.7349109025
874521;34.7675722832
675201;30.0
489756;33.9411804384
361254;31.3753716597
361254;34.7483660701
874521;31.2575376457
489756;34.5063511979
874521;36.4225569263
489756;34.9163082217
489756;82.1894687615
489756;30.0
874521;34.0930896889
489756;35.0655445066
489756;32.7161406673
489756;34.2291741423
201436;37.6112104949
489756;49.1695047314
489756;37.8360628128
489756;33.351239833
675201;32.1823482667
874521;34.556636697
361254;33.5037037037
874521;35.3139709635
489756;45.8467643468
326584;30.0
874521;32.4392616513
489756;53.0308199283
874521;30.0
489756;54.0457424919
874521;31.568001874
489756;110.306352236
874521;32.1830985915
361254;34.3540103981
489756;38.4703386945
489756;46.6148510169
361254;33.4405423729
489756;33.2193764218
874521;49.9741577674
361254;30.5014084507
874521;43.3683863064
489756;38.8351366425
489756;33.822151603
874521;34.5446802848
489756;30.0
361254;36.2626877266
326584;30.0
489756;30.0
489756;46.9075977914
361254;81.4408962143
489756;30.0
489756;33.989629151
326584;56.5458752962
489756;34.6845409329
489756;107.97147611
489756;42.8935051499
361254;33.0262579899
489756;36.9480302822
874521;62.4238013904
874521;49.1019283747
489756;201436.9785939769
361254;31.8044107994
361254;34.2522915899
489756;46.779575083
874521;10.0
361254;31.2652446648
361254;30.0
361254;43.7295702546
489756;35.0791382483
874521;30.6177972865
489756;42.1397427879
361254;31.2548947368
489756;33.6656575849
361254;33.811026431
489756;35.271457934
489756;56.7546931142
489756;35.0
874521;31.3333333333
874521;10.0
489756;201436.4707548228
874521;33.918699187
874521;10.0
874521;30.0
489756;34.3397940292
489756;30.0
489756;30.0
489756;114.541057862
361254;34.6358476748
326584;30.0
326584;33.0197740113
489756;33.3624653284
361254;34.6303220132
489756;30.8059108604
874521;32.0770149368
874521;35.1688732775
489756;30.0
489756;32.9554950045
489756;201436.4612786082
874521;34.2513005076
874521;34.9607259619
489756;30.8653871168
874521;33.6886554785
489756;33.0722270503
874521;53.0608751373
489756;54.5601501408
489756;36.2629778178
489756;30.0
874521;201436.4985190139
675201;30.0
874521;34.8831775701
874521;34.002595618
874521;57.6406331701
489756;72.5635683627
675201;30.0
874521;34.9921748674
361254;34.7276578576
489756;37.242772524
361254;33.2836547126
489756;30.3708368471
489756;30.0
874521;32.2014925373
874521;35.8456364829
201436;31.0212859337
361254;32.8246126234
489756;34.4201391768
489756;34.2617588199
361254;30.02
326584;33.0
361254;30.997211135
874521;31.7791472868
489756;30.0
361254;34.7900262467
874521;30.0
489756;36.6256388816
874521;34.4995685936
874521;31.3000922415
675201;30.8131782188
489756;275.566640973
489756;35.5407020108
361254;34.2872612719
489756;34.4677183861
489756;54.2819900187
361254;31.7469864612
489756;31.6413472644
361254;34.8235929836
874521;42.0041891083
361254;33.3901084688
489756;30.0
489756;38.4113348438
489756;31.827183343
489756;201436.2134859145
201436;30.0
361254;35.5318356708
489756;34.7580924855
361254;30.4259643669
489756;33.9207289294
675201;32.9211450445
874521;46.567049984
201436;35.0
874521;35.0
361254;34.1540034072
489756;44.3586843667
489756;36.5395933023
489756;43.7786282306
326584;37.9412369638
489756;35.8292662706
489756;36.0753912125
489756;34.2363005371
489756;30.572123837
489756;65.6360121225
489756;30.0
874521;33.7285174693
874521;30.5762537098
874521;30.0
361254;30.0
489756;37.8607876173
489756;66.7356607539
489756;31.87694974
361254;30.99787168
489756;31.5339945744
874521;30.0
361254;30.0
489756;41.6884530842
489756;30.7662604233
201436;30.0
489756;41.8337643735
361254;32.16715
489756;41.6138874686
874521;34.961853631
489756;43.9781766841
874521;65.156424581
489756;40.8728052342
361254;43.8192869995
874521;41.6709303632
489756;47.7501621528
489756;392.838186474
489756;34.6669091481
489756;41.7093454805
361254;34.8443733926
361254;35.0
361254;71.0568399997
489756;44.7877994549
874521;32.2973599524
326584;30.0
326584;30.0
874521;55.5144291092
489756;35.1751727182
489756;35.3335301353
489756;33.2395703923
874521;201436.3170450173
675201;84.2340442338
489756;34.6473392647
489756;31.1017257445
489756;36.2614109652
489756;38.2920310375
874521;30.0
874521;34.7692956511
489756;30.5752372345
489756;30.488131186
489756;77.8902716999
489756;74.1364634682
675201;32.7714455946
489756;37.3285467797
489756;31.3833415625
675201;74.7198117506
874521;33.2251485355
489756;34.10647645
489756;35.7004909921
489756;63.805461627
874521;34.6425221771
874521;30.0
489756;68.2963601051
489756;32.7489310405
361254;34.9991615603
361254;30.0
874521;31.7182883227
675201;34.5511463535
326584;35.0
675201;33.6641565678
489756;30.6649687428
874521;31.3469391044
361254;34.4496151996
489756;83.6188341348
201436;37.7895287114
874521;31.1050251566
489756;34.4936070592
489756;68.3503479189
361254;31.7749889326
874521;35.9410416502
874521;30.0
489756;33.0282034472
489756;31.9880283869
489756;34.8488067139
489756;51.8898756661
361254;34.8940482962
874521;33.6383798515
489756;107.95465195
675201;33.0487994784
326584;35.0
489756;32.5847319778
489756;42.482185356
489756;36.2747675412
675201;35.4806797335
874521;201436.991255071
361254;34.9234669378
201436;34.9325231852
675201;33.6583271151
489756;35.6641507806
489756;38.8938464948
361254;34.9324511657
874521;43.0350092605
489756;36.4849709344
361254;35.5623100625
874521;35.552392189
489756;37.3370991452
489756;34.0356503187
874521;83.3791946309
489756;32.070855803
675201;31.2894954588
489756;33.2430888205
361254;33.4349645629
874521;37.5602240896
489756;34.9607297587
874521;32.904851992
874521;33.8746882846
874521;34.9936220208
489756;186.740035107
874521;34.5423167849
489756;34.9059206533
675201;34.39789852
874521;35.0158333333
489756;34.6986045416
361254;30.0
361254;32.9455023576
489756;33.7618333851
361254;34.9991133966
489756;30.0014438412
489756;35.1166717526
489756;183.126734228
489756;45.9746736801
675201;33.5463958328
361254;32.9728952772
489756;188.180691469
489756;31.9955863808
489756;60.6397937244
874521;62.4820627803
361254;30.9163536878
489756;51.6176817533
489756;42.5969844846
489756;201436.8256710983
361254;33.9607928848
489756;54.4527405517
874521;34.7920596977
361254;34.7587710241
489756;31.6753729375
489756;30.0
874521;34.4015233239
489756;31.4378970633
489756;40.475538329
361254;32.9763636364
201436;33.2139664635
489756;30.94882189
874521;32.9718377547
675201;30.0
874521;59.1214324545
489756;49.4040715625
489756;38.3022073152
489756;35.3893740598
489756;33.9801128248
361254;35.0
675201;31.4296147344
489756;30.0
489756;65.9458868029
361254;33.314873677
489756;35.8270584182
489756;31.3823288792
874521;50.9005082347
489756;88.7810357774
361254;34.9887219721
326584;75.8398696088
489756;104.520692453
489756;50.9583369965
361254;30.1437949688
489756;35.0
489756;32.7763306908
361254;37.5060229063
874521;69.3972950409
361254;30.9599630996
489756;30.0
361254;30.0
361254;40.5283641824
489756;30.0
489756;201436.7933082585
489756;30.0
489756;30.0
675201;35.0
489756;35.3907980122
326584;35.0
361254;35.8730264779
201436;33.1394924633
489756;41.5536935073
675201;32.9986928105
489756;30.0
361254;30.0
489756;43.8539770172
489756;34.6856245818
874521;53.3736481312
489756;34.0692487653
489756;50.5544294433
489756;33.5725606857
489756;30.0
361254;33.6902918172
489756;33.3731067603
361254;36.6764954273
361254;34.9692185087
361254;35.3147152117
489756;31.4766504033
361254;30.9235368541
489756;45.4457056302
326584;30.0
874521;31.2729970326
361254;34.0718778191
489756;115.68115626
489756;113.073816228
874521;71.2848353239
489756;32.049058609
361254;34.8093081368
675201;31.3825147445
489756;152.974806122
874521;37.4018019108
489756;31.1150532551
489756;52.0250986453
675201;30.0
361254;32.6004286465
874521;30.0
874521;30.0
489756;201436.1473827955
361254;34.3552919138
874521;31.8769831277
874521;41.4876077586
874521;30.8307225872
675201;34.4777480584
489756;201436.7215211268
489756;32.1505823627
489756;42.3846954711
489756;30.8003999059
489756;31.2983639859
361254;46.3750822224
874521;33.007535795
361254;35.000315035
489756;51.9266524867
675201;31.2986455882
489756;30.0
874521;34.9084460745
489756;40.9339941471
874521;32.285012285
361254;32.1687741862
489756;32.4778829925
874521;32.6850015104
326584;30.8558139535
489756;50.5495381784
874521;146.130274249
489756;30.4224440248
489756;201436.3895187947
361254;36.3332255743
489756;31.8006330097
489756;95.4476171085
361254;35.185520362
489756;34.8914287562
361254;30.6814082553
489756;44.6568373698
361254;35.0546721039
874521;31.1962030282
489756;30.0
361254;33.1146914242
489756;34.3839291311
489756;41.9573741821
874521;31.1362663241
489756;35.3437195973
361254;34.4349096154
489756;40.7451862896
489756;30.0
874521;30.0
201436;33.2456644899
489756;32.335839599
874521;122.745365235
489756;30.0
489756;38.2644174473
489756;36.841765843
489756;59.1015245731
489756;30.0
361254;30.0
489756;34.3736007507
489756;53.6599257418
489756;35.6104945129
489756;32.2090386941
874521;34.2069854454
361254;34.9992235975
675201;42.8481214367
489756;34.9815778309
489756;35.7970711297
874521;36.1695793402
675201;31.031001267
874521;32.3096590909
489756;53.8230263418
489756;36.750535509
489756;34.3165067038
489756;32.8675169992
326584;62.9605432693
874521;58.9816027142
489756;40.789549458
874521;126.157054583
326584;30.0
874521;32.9348674748
489756;34.7473173752
675201;34.4361029102
874521;33.4196169297
489756;33.4413342376
489756;31.469663419
326584;30.0
489756;30.7757092199
874521;35.0
361254;61.8440454647
326584;42.3285108252
489756;44.282196218
489756;91.8116753862
874521;35.3224116961
361254;47.1854259156
489756;33.8559259649
874521;30.0
874521;34.9283499091
874521;32.3421460628
361254;36.0271723794
489756;34.9999703296
489756;89.0277676489
489756;33.5596919987
874521;37.3876651982
874521;37.918532827
489756;88.6071635102
326584;30.0
361254;33.4332932432
489756;37.2724539104
361254;34.662288011
874521;47.0649788127
489756;34.5531376841
489756;37.7004074549
874521;51.8641101607
489756;102.740234597
201436;32.7784516589
675201;47.660722534
489756;41.4351577245
489756;90.0054188794
874521;48.5994382774
489756;46.1915122917
201436;34.8866686549
489756;201436.1678569507
489756;53.3280117114
361254;36.0203410035
361254;34.912739893
361254;35.0
489756;43.3546713069
489756;44.9721137007
489756;41.5416286203
489756;43.6933704205
874521;35.6201975851
489756;42.0791988164
489756;41.9635829087
874521;33.0837356549
675201;34.7212366954
874521;31.8627483273
489756;36.8477831457
489756;42.7188433604
874521;42.5953285241
326584;46.455485292
361254;34.8010946867
489756;73.5817096947
874521;30.0
874521;103.078573901
489756;35.5076196136
489756;34.7252600576
489756;34.7451094325
489756;73.399305199
489756;56.2925788258
874521;34.7039144142
489756;35.0722811443
489756;33.1428748221
874521;30.3813687938
489756;34.0800915866
361254;44.2375875583
489756;42.7407404229
489756;34.7118648549
361254;54.5235639975
361254;51.737589506
489756;52.7190936127
489756;40.944915816
489756;32.3478413826
489756;36.7008381628
675201;44.182010582
874521;34.0323101777
489756;32.0213221055
489756;30.0
874521;32.0458324044
361254;35.0087508579
489756;35.1754218402
874521;34.1538266277
874521;36.8997560344
489756;70.7227490337
874521;30.0
489756;56.1648354877
361254;34.9302744805
489756;30.16270034
489756;201436.78902504
489756;44.6279776015
874521;34.6919950791
489756;30.4027006649
874521;37.4330537995
489756;55.3935961817
361254;30.0005009258
874521;44.0612716763
874521;35.0
489756;33.3127742259
489756;34.7125543598
361254;33.7641218616
489756;34.7228022495
326584;30.0
361254;30.0
489756;34.7121572242
874521;201436.4625375827
874521;34.1862098355
874521;30.2891861938
201436;32.049795615
489756;60.5342613224
489756;31.7164052164
489756;70.6177380312
675201;30.9697482873
489756;56.8143725575
489756;75.9453430406
874521;34.6964871194
874521;34.0033557047
489756;32.3576723499
489756;30.7730450694
489756;34.9818469438
489756;53.0806086788
874521;30.0
489756;34.7992628993
489756;34.5963140735
489756;35.9516685846
361254;41.5008199024
489756;32.0049269752
489756;33.8782359081
361254;30.0
361254;43.0899584688
489756;33.0775574514
361254;37.5446935531
874521;30.0
361254;34.4509543304
489756;32.4501132791
489756;30.0
874521;36.1787270519
361254;30.0
489756;62.1440597617
489756;30.0
489756;35.8776095
874521;30.9430528328
489756;45.6995669388
489756;34.9080264982
489756;30.0
489756;30.0
874521;37.5928969974
326584;30.0
874521;34.1317737246
489756;33.9354906828
489756;33.5515994307
874521;201436.0776171476
489756;36.0139037784
675201;30.0
489756;34.9651166318
489756;35.8192931016
874521;35.0
489756;71.4279373464
874521;36.2489183185
361254;51.3174851809
675201;30.0048609273
675201;30.6981492082
361254;34.512739778
489756;59.5200529152
489756;32.6332734928
361254;35.0410210907
489756;31.9276463896
874521;35.4871512986
874521;30.0
489756;32.0625283876
675201;33.8355657107
489756;33.0517525052
874521;35.0
874521;57.2135953353
874521;34.0148698885
874521;30.0
489756;35.3839311063
675201;35.2840168064
489756;48.2005407192
361254;37.1178616772
489756;65.7213499225
361254;35.6686938446
489756;30.0898008653
201436;44.6612854368
874521;32.8027431037
489756;34.5552832501
489756;34.7036365762
489756;30.0
874521;31.0125786164
489756;37.0473441109
489756;53.9180283782
361254;32.9776728064
874521;37.954332519
489756;46.4153479827
361254;35.0
874521;34.8243032446
489756;33.616839887
489756;30.0
874521;35.0631973078
874521;32.4004239353
361254;30.0
201436;44.5811230232
489756;35.0251383013
326584;30.0
361254;33.3735336343
874521;31.4002670725
489756;38.9012562761
201436;30.8578066914
489756;34.4176928062
874521;60.8864282215
361254;44.2528003792
489756;60.9633674113
489756;30.9052170427
489756;36.3167279412
874521;30.0
489756;46.4515161213
489756;134.092998714
326584;30.0
874521;43.4272412466
489756;98.8593196038
201436;30.2747406359
874521;35.4867234114
874521;38.0545047529
489756;35.3057072419
874521;34.925984252
361254;33.0200963769
874521;30.0
361254;80.9699994723
489756;36.2476379099
489756;51.2450357692
489756;34.9577685743
489756;30.0
874521;33.3888354187
361254;34.9492452091
489756;31.8856673511
489756;58.9928644437
201436;36.7102383822
874521;35.0
489756;34.4120789779
489756;113.59243846
201436;33.4376052899
361254;50.160397445
675201;35.3804526386
361254;33.4299572765
361254;32.9269935491
489756;31.9756943468
489756;49.3250619004
489756;31.0146164473
874521;33.0137966994
489756;48.825212766
361254;30.6533480298
489756;33.8028024973
361254;32.887004591
489756;33.2218409094
489756;30.0
874521;34.7132161811
489756;36.0660760931
361254;34.7519142211
489756;36.0445116047
874521;36.1023338542
489756;33.7456247982
361254;34.0238211382
489756;34.0729833547
326584;35.0
489756;34.6709820247
675201;43.7735846238
489756;31.7712161616
326584;30.0
361254;34.6494385063
874521;32.409069752
489756;30.6513583393
326584;31.7482419128
489756;38.1775730981
489756;61.4502317188
874521;35.4258409134
361254;40.2356660886
675201;31.1175710594
489756;36.4817303885
874521;30.5998745378
489756;35.0186065935
874521;31.9143359332
489756;32.2373941265
489756;58.85459427
675201;34.6099616858
489756;30.0
489756;53.2132359212
874521;35.1743200666
489756;34.6806629249
489756;45.936072335
489756;33.5205897831
489756;38.1319940983
489756;30.0
489756;73.3750662026
874521;30.0
489756;32.2734806263
326584;30.0
361254;34.1724137931
489756;30.0
489756;42.4104127364
489756;47.4908928755
361254;30.0
489756;41.1723560693
326584;32.9423076923
489756;38.6647406028
489756;56.7687733046
361254;33.332100064
361254;30.00314215
874521;35.5898041358
201436;30.0
489756;48.5594136988
489756;48.9175726456
489756;51.9268901253
326584;30.5235988201
361254;35.0589947436
489756;34.4856522017
874521;92.4736239478
489756;35.3180631747
489756;36.3861337882
489756;40.948633433
361254;33.1942446043
874521;33.797029616
489756;30.0
489756;35.1851577261
361254;34.9976065103
489756;43.2574472559
489756;43.3629062167
361254;34.5377010976
326584;30.0
361254;30.7804878049
489756;55.7106797351
489756;31.8310648519
489756;68.782668182
489756;69.2544587593
361254;35.1437823834
675201;38.8916159228
489756;41.4874095346
489756;30.0084736876
489756;30.0
489756;56.3227205889
361254;30.5103697024
489756;45.0767165308
361254;30.0311059326
874521;35.0
489756;30.0
874521;34.1754163901
489756;48.3959236078
489756;34.4823380992
874521;32.5844473192
489756;51.4461494743
489756;33.6444939765
361254;35.0005429864
326584;34.4047619048
874521;33.9416415356
874521;67.0947191953
361254;32.5263233746
361254;33.7932819267
874521;30.9100860347
361254;32.7823335168
201436;30.0
874521;58.2376682443
489756;201436.9597381002
489756;33.6859921156
489756;34.7460639919
489756;32.0540428185
489756;40.5382383524
489756;35.758564087
675201;35.0504721857
489756;30.2455621302
489756;91.8846848871
489756;68.3968737862
326584;30.0
361254;32.3107235572
489756;30.0849122807
874521;56.6975981936
874521;34.5566363636
361254;32.7961578227
489756;35.7286930318
489756;50.2309428608
361254;30.0
489756;31.4122580342
874521;40.7920001484
326584;30.0
489756;58.0065589936
874521;56.950068266
489756;36.494132836
489756;43.5517300445
489756;31.7027484326
361254;34.7992438141
489756;47.2667546357
874521;32.9755566966
361254;34.7508547601
874521;38.0978886756
489756;30.0007686395
489756;201436.9825041406
361254;34.948518715
361254;35.0
489756;33.2708403851
361254;35.0294352407
489756;30.0
326584;31.366655294
489756;41.3570954338
489756;35.5907066174
489756;36.6573874823
361254;30.0
489756;33.0279962108
489756;35.8801688866
874521;37.7259261942
874521;45.4414168937
361254;36.1119886606
489756;30.0
874521;45.5792527333
874521;30.0
361254;34.6479079116
489756;31.6522599006
326584;30.9639830508
874521;30.0
201436;43.651287535
489756;31.1923864483
489756;35.3900721184
489756;38.5651554595
361254;36.6321103263
489756;51.2989171311
874521;34.7221078779
201436;30.0
361254;201436.9038254673
874521;30.0
326584;103.382479103
361254;35.0
489756;201436.0027345559
874521;30.0
489756;33.7733281921
326584;30.0
675201;32.9916401274
489756;66.3322095115
874521;31.8533054768
201436;42.8458023483
675201;32.9751175007
489756;37.0877505302
874521;35.0368589744
874521;34.5692520776
489756;30.5010790073
874521;31.2446685776
489756;35.6718378408
489756;35.746087161
489756;37.3205534019
361254;36.3584913906
489756;33.6421134417
489756;34.1208132312
874521;35.0
201436;33.3210206668
326584;30.0
201436;32.9935852106
326584;33.0
489756;48.4733800335
201436;30.0
361254;57.2436106378
874521;42.5786209413
361254;34.3257224239
489756;40.16251071
489756;31.3259919612
489756;30.0
874521;42.8287857336
489756;30.6151975918
675201;30.0
489756;37.1913812187
874521;36.2555398201
489756;34.0888461009
361254;35.1649155713
874521;35.0
489756;38.6663411527
489756;41.2947718432
489756;34.8273026316
489756;52.2668634476
201436;34.2415113182
361254;33.5302023056
201436;30.6592417667
874521;43.8455836754
489756;33.6266658383
361254;34.226993865
361254;35.2802822423
361254;30.0188053062
874521;34.5
489756;32.5798642949
489756;139.315111932
361254;33.8668234419
361254;35.0378133991
361254;30.0
489756;30.9783833472
361254;34.9240699329
489756;53.9953818989
361254;33.0132443568
361254;30.111750306
489756;31.143813834
874521;32.5945945946
489756;30.0
675201;34.4656830229
489756;37.5992469004
489756;35.017893952
489756;30.0
326584;32.8797168698
874521;52.8092428712
874521;30.0608272506
361254;30.3587951509
489756;33.1054373371
361254;34.5763609675
489756;38.2176821066
489756;40.8747054118
489756;36.2094417536
489756;201436.1633855162
361254;45.6426155581
489756;37.4962284378
874521;35.0075190701
489756;34.9990397542
874521;52.0695357561
361254;31.7549874183
874521;73.8556137758
361254;33.4904891304
489756;34.7530329289
874521;38.1851321443
489756;36.563142524
675201;33.6504895243
489756;51.6734518675
361254;32.8578330681
361254;30.4483003777
874521;30.0
874521;45.4250016311
489756;52.0674232108
489756;42.5788288288
489756;33.5720767888
489756;34.2903891814
361254;30.0
489756;52.1108781957
489756;33.4652290303
874521;34.364640884
489756;33.3890548197
489756;76.4527416799
874521;34.8629605688
489756;35.4609955313
874521;93.0243371997
361254;30.0
489756;34.5074510483
489756;45.5405354639
361254;33.4056669441
489756;32.5807362582
489756;35.4588247153
489756;53.382926328
874521;32.8046218487
489756;36.3182601701
489756;32.626317057
489756;35.0
361254;34.809243476
489756;32.8852263135
489756;36.3605127004
874521;41.9843326323
874521;33.5416976505
361254;34.7033096688
489756;30.0
489756;40.2667608572
489756;33.4679948953
874521;32.1332853026
874521;34.9108849765
874521;31.8298454746
361254;30.9076993906
201436;32.7958948339
874521;30.0
489756;30.0
489756;32.5933174205
489756;32.5651615914
361254;34.3807091026
874521;33.3652971705
489756;201436.1161531778
489756;44.1358885017
489756;63.4333025704
361254;30.0
201436;34.9912876664
489756;34.1187714948
874521;30.0
874521;31.5481892765
489756;31.4120143931
489756;33.4141693561
874521;33.4322740209
489756;74.3868898259
675201;30.580592773
489756;30.7851759858
874521;41.9188638514
489756;102.175984074
489756;30.0
874521;35.0
361254;30.9998396408
675201;44.4063131936
874521;30.0
874521;59.6100346377
874521;40.6800659658
326584;30.0
361254;35.2023466667
489756;32.6069514152
361254;34.724918043
361254;30.0
489756;34.5655036208
361254;33.9971315093
874521;32.2169199249
489756;35.1896422118
874521;30.0
361254;30.8316477062
489756;30.0
489756;33.906075497
489756;35.4050460906
489756;69.6306757266
489756;35.8148598087
326584;102.568982746
874521;30.0
874521;34.5221870048
361254;30.0
489756;60.3853540271
489756;94.7686310153
489756;35.0008592933
201436;35.0
489756;32.745430818
489756;31.7737604679
874521;34.9999623749
489756;30.0
874521;35.0
489756;56.5273605428
874521;33.50010019
489756;30.0
675201;34.9422800575
874521;30.0
489756;34.8545918367
201436;65.9942837428
201436;59.2338039867
874521;33.6633906634
489756;107.075803531
489756;32.2849261592
489756;37.7718272516
361254;55.8989468405
326584;37.0876549677
489756;31.5483780368
874521;30.8821348758
326584;54.474609797
489756;35.0
489756;32.9852974828
489756;401.232266347
874521;30.413998358
489756;32.6871704745
874521;53.7211907555
489756;30.0
361254;34.8873541837
874521;30.0
874521;32.9486403833
489756;30.1202002537
361254;33.5829325727
489756;45.521466212
489756;31.4728505125
489756;33.8484168696
874521;30.3860169492
874521;32.1730769231
489756;48.3857895799
675201;201436.509082218
361254;35.0758852848
489756;34.4512261401
489756;32.9911617836
361254;35.9787574696
874521;32.4698556648
489756;31.70377976
361254;34.5516378007
874521;34.7182195019
489756;32.5822221861
361254;30.1445790245
874521;30.2636054422
361254;35.2002807018
874521;47.3623197747
874521;31.6265429844
489756;33.4920444755
489756;55.2782763292
361254;30.8436111259
874521;200.0
489756;38.8278309731
201436;34.6754659908
489756;47.9423721561
675201;42.7812584068
489756;51.3282100049
489756;35.1184923975
361254;33.6746506047
489756;40.8663335766
489756;30.9369453925
874521;30.3914712154
361254;35.0
489756;30.0
874521;35.0859799415
874521;36.5802005013
201436;35.0
489756;50.2366111363
489756;33.3186293023
489756;61.8031320202
361254;30.0
489756;34.8817049315
361254;34.9759746555
874521;30.0
489756;43.9714640351
874521;34.9676253576
361254;36.065279749
489756;97.481228065
489756;108.811457882
326584;64.5975150405
874521;45.4715167224
361254;33.5070422535
874521;33.2513863216
361254;30.0
489756;47.3636930755
874521;31.2717503302
874521;32.5037950168
489756;35.628720002
489756;30.0
489756;35.4695592566
874521;33.9764011799
874521;33.1227217497
489756;38.526295908
874521;34.2902388291
489756;30.0
361254;35.9749575614
874521;36.9119869418
201436;34.9991082045
361254;48.1873568347
489756;71.8541992518
489756;38.8308124886
489756;30.0
326584;30.0
874521;34.9462365591
874521;30.0
675201;35.9716445911
489756;32.6198196245
326584;33.0
874521;34.1093162353
874521;32.8541103753
489756;31.09701564
874521;53.1935711763
489756;31.618862528
675201;30.0
489756;55.2192019334
874521;34.0406088751
361254;30.2988929889
361254;35.6937868762
874521;31.0358052046
489756;30.0
675201;32.8940316687
489756;31.1057190584
361254;35.0300377678
489756;31.523471937
361254;34.8928571429
489756;119.605937781
874521;34.2989426466
489756;30.0
489756;41.8570504528
489756;36.7591612332
361254;37.9289980754
489756;36.6217584427
361254;32.5009547086
874521;34.560546875
361254;34.9929444967
489756;38.2352269837
489756;34.0309047238
489756;32.1018686239
874521;30.0
874521;34.4345090079
361254;34.9316392545
489756;32.3417482053
326584;31.9033836177
489756;50.6036440084
201436;33.84523461
489756;43.3573578739
361254;30.0
489756;38.8957045584
489756;120.260668245
489756;44.6621871128
489756;59.8278786273
489756;42.8210338523
489756;30.0925925926
874521;30.0
361254;31.0698542987
489756;35.0361342537
675201;33.7258896294
489756;66.3959440559
489756;37.4615709194
361254;51.5723158829
489756;35.7361326747
874521;34.7753638473
874521;31.4613670672
489756;40.9555431348
489756;30.0
361254;54.6440232895
489756;48.1620351402
489756;47.4707080998
874521;31.1121495327
489756;48.3472212658
489756;44.6359149259
361254;34.133677732
874521;34.9866420219
489756;35.8768985548
489756;30.2272217912
489756;72.1490463034
489756;105.743921992
489756;30.1367781155
489756;36.1886419033
326584;30.0
326584;30.3706896552
489756;115.99991106
489756;95.644637034
874521;34.7130541872
874521;34.1747700394
489756;34.2435289622
489756;60.3350902551
874521;33.0807629657
489756;43.7970180424
361254;34.5227550692
361254;35.0007914856
489756;40.8662349555
874521;32.984786598
489756;231.020741714
489756;56.5768788028
201436;32.7346069582
489756;30.0
489756;34.4549321874
489756;30.7850222734
489756;42.5896112843
874521;46.6994916686
361254;30.0
361254;30.9681922557
361254;34.7498146645
874521;30.0
489756;62.5763557484
361254;34.8167483973
489756;30.0
361254;30.0
489756;35.8171454256
489756;42.6634999904
489756;32.0859394511
489756;34.3410429565
489756;33.6382475661
675201;30.0
874521;32.5075476815
489756;53.4092718063
675201;33.1070093942
489756;34.8936107966
489756;41.0046154274
489756;57.4293992933
489756;40.127862422
489756;64.0638662721
874521;35.0
874521;30.0
326584;30.0
874521;32.6024653912
489756;34.088388341
489756;33.910470234
489756;36.3109996866
489756;38.4918841709
874521;34.5147546285
489756;31.7447166704
874521;37.2727328369
489756;30.9765830141
675201;58.0559293558
361254;38.917678258
326584;30.0
874521;58.7770145173
874521;36.2383524646
489756;33.1729175674
361254;31.958422084
489756;32.5711023838
489756;31.6458035923
489756;47.6988751814
874521;30.7971582298
874521;97.7977081384
489756;43.853979014
489756;35.8624522647
874521;33.7462418102
489756;37.9493176783
874521;33.9360216462
874521;37.3206257424
675201;36.3042433757
326584;34.9544701663
361254;37.3969230769
489756;31.3577345999
489756;34.369361266
874521;30.0
489756;50.3343353563
874521;37.8887584615
675201;31.482469146
489756;50.0765813971
489756;121.025440531
489756;42.8119228214
489756;41.2633035457
489756;58.4967769587
489756;117.743632337
489756;44.512769511
489756;33.3743870955
201436;31.0318226927
489756;35.4827372232
489756;34.7217868339
874521;34.9199172242
489756;34.99557216
489756;35.3867313498
489756;83.2135974624
326584;30.0
874521;32.4650938854
489756;33.3942278519
326584;47.0766664443
489756;48.2585515958
361254;34.9122807018
489756;30.0
489756;197.957250956
874521;30.0
489756;30.0
361254;34.9418951777
326584;35.0
874521;33.3878895833
361254;34.987207104
489756;40.584965637
361254;34.8649254568
489756;32.7763762888
489756;32.6846862914
489756;37.6715151205
874521;30.4221101303
489756;35.1022608635
489756;33.2866671793
489756;34.5656702763
489756;43.4026706035
874521;30.0
489756;30.0
489756;30.0
489756;30.7352807267
489756;44.1683101445
489756;30.0060722673
489756;84.2885689698
489756;41.7141826314
489756;32.4431573982
489756;34.7641971652
489756;50.7547475307
361254;35.0574638844
489756;30.5308847903
874521;31.5339628151
489756;34.0858149861
489756;31.4848885219
874521;47.4966256904
489756;35.8064759676
489756;56.0569860701
361254;35.7477765201
874521;46.9585422648
874521;33.7262049282
489756;36.2470781416
675201;34.255024158
489756;34.5428015564
489756;37.6932500919
326584;30.0
874521;34.1971998142
489756;81.9625995065
361254;35.7660968296
489756;36.68171887
489756;30.0
489756;46.7494872145
489756;30.0
361254;30.0
874521;30.9537993921
874521;35.0
489756;49.5163908526
201436;36.1583499253
361254;34.6845672968
489756;30.0
326584;45.5807591047
201436;35.7840583642
675201;43.7070784111
489756;58.0184460645
489756;266.797949643
874521;30.0
874521;35.9035852374
489756;30.0
489756;30.0
874521;35.0
361254;32.5708970508
361254;33.8768396839
489756;256.688208778
326584;43.7488127118
874521;33.2901990263
874521;35.3703839698
326584;32.5021649381
489756;101.180689702
874521;34.193877551
874521;33.9773822358
489756;42.0219911642
874521;30.6661440368
874521;93.110107216
874521;48.5073168107
489756;34.3240343348
489756;34.5757220505
489756;40.0984597475
361254;40.0830347734
489756;50.3324599608
489756;34.8437647601
361254;30.0
489756;31.9219420364
489756;30.0
489756;162.981168586
201436;74.4529287821
489756;40.6156832833
361254;35.0
874521;33.3198037829
489756;36.0989098644
361254;35.509311304
201436;36.8056539854
489756;34.6300475059
489756;49.8004995197
361254;34.6403898109
489756;30.4182692308
489756;47.9794291276
326584;33.0387589846
489756;58.7663572561
489756;34.1112676056
489756;33.7929119521
489756;40.4272693465
489756;30.0
489756;35.0424365162
874521;34.4001961574
361254;34.9965365966
201436;31.8711403283
361254;30.8392685984
874521;30.0
489756;34.7989533362
489756;64.068697639
361254;30.5602073365
874521;30.3448275862
489756;201436.8070069453
874521;76.2856748297
489756;33.7937668584
489756;47.6439006051
361254;33.7132281074
489756;57.1054054758
489756;31.9235863434
326584;35.0
489756;33.4229640142
874521;32.5356639277
201436;51.7549258137
489756;56.4342488197
874521;33.025643754
489756;34.0759396288
675201;31.1458797348
489756;48.6214198286
874521;30.0
489756;30.0
489756;49.7907285311
489756;33.2163208636
874521;34.9799277399
326584;35.0
874521;80.1950327329
874521;33.9544420368
489756;30.9094309378
675201;30.0
326584;30.0
201436;33.7917193065
489756;31.9494067607
361254;32.7497923615
489756;72.1342412451
489756;43.6449830268
489756;46.0396128362
201436;30.0
361254;34.5104316641
361254;35.312546976
361254;33.9536738658
675201;30.0
489756;33.9131815776
489756;45.6513663053
361254;30.8055752181
326584;35.0
675201;30.9618479342
874521;35.2887327692
361254;34.6192886174
361254;35.06251114
874521;37.4185201467
361254;30.0
489756;47.4744750281
489756;41.1557746136
489756;34.7384761603
489756;41.5344048182
489756;34.742720414
489756;50.194125225
874521;40.705531712
489756;46.0297167611
489756;30.6068582577
489756;34.8582367375
489756;30.507980846
489756;129.39488479
361254;30.0202613234
489756;34.8921839006
874521;40.6632699397
489756;57.8514611547
874521;32.7777777778
489756;139.968414367
361254;32.6818738518
489756;34.8761277163
874521;32.8125189778
489756;30.2945936246
489756;38.6474650975
489756;50.8071720591
489756;44.7171839595
874521;31.3462334714
874521;32.438913247
489756;38.7905979338
874521;30.0803921569
489756;148.235272605
489756;46.3111498194
489756;33.7875385114
489756;50.2578644218
874521;34.2295081967
874521;34.8636551654
489756;35.4567513435
874521;31.2025366006
489756;30.3627682644
361254;32.987366648
489756;74.524937884
489756;40.40251436
489756;44.0041618567
361254;30.9368966568
874521;201436.1330379595
489756;34.6906863131
874521;34.4499251355
489756;30.0
874521;35.1022593231
489756;54.5598323256
489756;42.000968747
326584;33.8013562026
874521;32.6356614359
489756;42.1603983158
361254;30.0
489756;32.1811908688
489756;65.2735422926
874521;35.7181146026
201436;30.0
675201;34.4516073871
874521;71.5329520516
489756;35.035430839
675201;54.0899147725
361254;36.0665008432
675201;52.2417397236
489756;36.8856140894
361254;34.8637927545
489756;30.0
874521;34.8974528614
361254;34.9474367706
489756;49.1796326161
874521;30.782808824
874521;35.001239446
675201;32.6759410802
874521;31.2838292827
489756;37.9834000394
201436;37.0780426222
489756;82.6800967493
489756;42.1449953572
874521;34.9656133829
489756;33.3336889914
489756;57.1588472089
489756;53.435010583
326584;34.9367139417
874521;37.2635987357
874521;30.0
489756;32.8970196927
874521;31.2588123644
489756;59.5097074339
361254;36.2780775643
874521;30.0
489756;32.6259892526
489756;49.2656042497
326584;35.0
489756;30.0
361254;32.9165446559
489756;64.0377495471
489756;46.2397980091
489756;73.7793047696
874521;32.7341389728
675201;30.0
874521;32.6556534508
874521;32.0849420849
361254;34.9680220613
489756;139.391663844
361254;32.7467274578
361254;30.0
489756;32.6194210475
874521;10.0
874521;30.3823900385
874521;30.0868055556
874521;30.0
489756;30.0
361254;90.5176600442
874521;35.0031637226
874521;32.2137775319
874521;35.6315789474
489756;34.7905246845
489756;43.2998442254
489756;58.1732529363
489756;34.2965492939
489756;32.8590374551
489756;30.0
201436;32.9914959154
489756;34.2857142857
874521;36.6105059934
201436;33.8167189124
489756;34.7314487633
489756;34.3497294106
874521;36.4136546185
361254;30.0
874521;201436.6122582618
874521;31.6376623377
201436;35.1501466276
489756;31.9607395878
489756;61.6924178392
489756;30.907609361254
489756;35.1644281217
361254;30.0
361254;34.9803345854
326584;32.8886855749
489756;49.0476089472
489756;46.8141317185
489756;30.0
874521;30.8861486748
874521;40.9594734844
874521;35.3360677594
201436;33.0316144874
489756;44.9946696819
361254;32.2785326087
361254;32.8593545909
874521;30.0
675201;36.4629308635
489756;34.2030997084
489756;38.3955307092
489756;68.6413113487
874521;45.1344444444
489756;30.0
489756;30.0
361254;30.7769042465
489756;34.9872815072
489756;79.7268181818
361254;33.0701251303
489756;37.9700866456
874521;32.0022977501
489756;77.9198640252
201436;35.5068217269
675201;30.7606946209
489756;30.1852517559
489756;30.0
874521;32.2897897898
489756;30.0
489756;30.0
489756;31.4190851828
361254;34.4232706397
361254;32.6953407153
489756;46.9160551197
874521;30.2099869876
489756;31.1628058256
489756;34.3362406015
361254;35.0450937485
489756;32.5490845528
489756;38.9841713311
489756;73.5584786569
361254;32.5888760677
361254;64.8765432099
874521;64.4092642626
489756;36.899850075
874521;135.278636378
489756;54.1469115192
489756;34.8863006978
489756;35.3168964711
361254;31.907237177
874521;201436.9298100743
361254;34.1674027563
361254;30.0
874521;57.0289473684
489756;34.7566420896
489756;42.5115134937
489756;30.029359468
489756;43.5175633434
361254;34.6563743273
361254;30.0
489756;36.0969473636
675201;30.0
489756;37.0313327638
874521;34.8603351955
489756;40.5756063994
874521;36.3562070584
361254;32.0393324589
489756;34.7819471456
489756;41.084340622
489756;62.9451263827
361254;34.9154330736
489756;30.4637742836
489756;30.9286028313
489756;32.3629294274
874521;37.9102393617
489756;33.6463753709
361254;34.2124798217
489756;40.4099033909
361254;30.1460225178
489756;43.1612780525
361254;30.1694632428
489756;34.2548497528
489756;62.5605540486
489756;60.5136852126
874521;34.9940641076
489756;30.0
489756;33.3179088472
489756;30.0
489756;50.5121569721
874521;75.1945450856
361254;32.6730809363
489756;32.316646481
489756;48.4757222271
489756;50.4352403907
361254;34.9085910118
361254;31.0109188967
361254;30.0
874521;33.7195121951
361254;42.8106688778
874521;38.0016692663
489756;33.8248056537
489756;30.0
489756;30.0
489756;142.18418645
489756;30.0
361254;32.3775325068
489756;50.0906129918
361254;34.2871828826
489756;34.482735513
874521;30.2517483975
874521;40.6907875618
489756;36.507455874
874521;30.2825783833
201436;32.566
489756;35.0073965327
201436;31.5855068935
874521;201436.8261332198
326584;48.8837260841
361254;34.8628428928
489756;30.0
874521;33.4233633708
675201;47.6771788991
489756;30.7050311615
326584;35.0
361254;36.6922974856
489756;40.3285677403
489756;41.6887919677
489756;38.4805924438
874521;30.0
874521;30.0
874521;31.9764289016
489756;36.7608839283
361254;36.7542298384
361254;57.0566953928
361254;32.5256493506
489756;32.3667757266
361254;30.0
874521;10.3045150463
489756;54.7304789582
201436;32.9812938753
489756;34.5097903796
361254;32.7602097298
675201;37.7341623329
489756;56.9787417894
489756;30.0
489756;94.898358646
489756;34.1562581657
675201;44.5574402467
326584;35.0
489756;67.3187797903
489756;126.045831144
489756;43.8991630533
361254;56.1848936004
489756;50.6127944731
489756;49.4405867806
361254;34.8839795977
874521;32.4910401636
874521;201436.7270341207
489756;41.0710093924
361254;30.2893287287
489756;53.1152336948
874521;32.6651317879
489756;201436.1016642327
489756;55.6427901424
361254;31.1648310029
489756;38.7484219726
489756;36.7209598834
361254;34.9946508092
489756;34.2431148748
361254;46.4910225334
489756;34.9920502346
489756;31.064446574
489756;30.9022574956
489756;38.9246840989
489756;34.7759360873
489756;201436.0692024932
489756;59.2594934398
675201;32.3613086771
489756;35.5040600309
489756;40.564047688
874521;41.2645923564
489756;30.0
874521;30.0
489756;43.7215810105
489756;53.2992836375
874521;30.0
489756;32.742091167
489756;34.0306263336
489756;44.2702272245
361254;32.7780289963
361254;34.8981510498
489756;34.9582268045
489756;33.9316659306
489756;33.3525804803
361254;34.7100318738
201436;30.0
489756;35.7973007878
361254;31.5780808638
874521;30.0
489756;49.6839511268
874521;30.0
489756;35.6603108451
326584;30.6
489756;68.7503608247
489756;48.7216689232
489756;107.87073918
489756;30.0
874521;41.195976155
489756;53.9334456929
489756;35.2767950837
361254;35.0857337083
489756;34.9988826632
489756;34.4550531361
489756;41.1148075565
489756;51.3030648158
361254;32.2831969154
874521;115.074899119
489756;30.0
489756;42.0432189419
874521;35.0
874521;44.5857939049
489756;81.4540770493
361254;33.7518950534
489756;30.0
489756;38.8872033196
489756;30.0
361254;35.1152171319
874521;33.57354064
874521;30.652173913
326584;30.0
361254;34.737804878
489756;31.4529220779
326584;30.0
489756;64.0120739053
326584;32.7352358097
874521;32.8023865485
361254;35.7909875926
874521;79.5826518692
874521;95.7304002398
489756;150.239832407
489756;35.5971990837
361254;34.7783340119
675201;32.6261918438
489756;31.9012967766
489756;76.8963063037
489756;33.2926551768
874521;31.370982223
489756;65.4873880436
361254;30.9622523282
361254;35.4808211958
489756;43.8852947924
361254;35.0
874521;32.3953033268
201436;30.0087567121
874521;30.5882352941
874521;34.9288431159
489756;37.6174186932
874521;33.6740889378
489756;58.3992202346
874521;65.7228150267
489756;30.0